{"maxPortfolioAmount":405714.64422547736,"minPortfolioAmount":91351.72474836408}